{
    "C": 3.8283704835526815,
    "gamma": 0.8987740828080742
}