{"colsample_bytree": 0.7307523936503999, "gamma": 0.4614138999919304, "learning_rate": 0.4103567041878593, "max_depth": 9, "min_child_weight": 8, "n_estimators": 184, "subsample": 0.5489073458583329}