{
    "colsample_bytree": 0.9692245510851274,
    "gamma": 2.1340134476205552,
    "learning_rate": 0.630732012348353,
    "max_depth": 14,
    "n_estimators": 257,
    "subsample": 0.42815729785982504
}